1,Ajani  Caller of the Pride,3,+1: Put a +1/+1 counter on up to one target creature.\n−3: Target creature gains flying and double strike until end of turn.\n−8: Put X 2/2 white Cat creature tokens onto the battlefield  where X is your life total.,,
2,Ajani's Sunstriker,2,Lifelink (Damage dealt by this creature also causes you to gain that much life.),2,2
3,Angel's Mercy,4,You gain 7 life.,,
4,Angelic Benediction,4,Exalted (Whenever a creature you control attacks alone  that creature gets +1/+1 until end of turn.)\nWhenever a creature you control attacks alone  you may tap target creature.,,
5,Attended Knight,3,First strike (This creature deals combat damage before creatures without first strike.)\nWhen Attended Knight enters the battlefield  put a 1/1 white Soldier creature token onto the battlefield.,2,2
6,Aven Squire,2,Flying\nExalted (Whenever a creature you control attacks alone  that creature gets +1/+1 until end of turn.),1,1
7,Battleflight Eagle,5,Flying\nWhen Battleflight Eagle enters the battlefield  target creature gets +2/+2 and gains flying until end of turn.,2,2
8,Captain of the Watch,6,Vigilance (Attacking doesn't cause this creature to tap.)\nOther Soldier creatures you control get +1/+1 and have vigilance.\nWhen Captain of the Watch enters the battlefield  put three 1/1 white Soldier creature tokens onto the battlefield.,3,3
9,Captain's Call,4,Put three 1/1 white Soldier creature tokens onto the battlefield.,,
10,Crusader of Odric,3,Crusader of Odric's power and toughness are each equal to the number of creatures you control.,*,*
11,Divine Favor,2,Enchant creature\nWhen Divine Favor enters the battlefield  you gain 3 life.\nEnchanted creature gets +1/+3.,,
12,Divine Verdict,4,Destroy target attacking or blocking creature.,,
13,Erase,1,Exile target enchantment.,,
14,Faith's Reward,4,Return to the battlefield all permanent cards in your graveyard that were put there from the battlefield this turn.,,
15,Glorious Charge,2,Creatures you control get +1/+1 until end of turn.,,
16,Griffin Protector,4,Flying\nWhenever another creature enters the battlefield under your control  Griffin Protector gets +1/+1 until end of turn.,2,3
17,Guardian Lions,5,Vigilance (Attacking doesn't cause this creature to tap.),1,6
18,Guardians of Akrasa,3,Defender (This creature can't attack.)\nExalted (Whenever a creature you control attacks alone  that creature gets +1/+1 until end of turn.),0,4
19,Healer of the Pride,4,Whenever another creature enters the battlefield under your control  you gain 2 life.,2,3
20,Intrepid Hero,3,{T}: Destroy target creature with power 4 or greater.,1,1
21,Knight of Glory,2,Protection from black (This creature can't be blocked  targeted  dealt damage  or enchanted by anything black.)\nExalted (Whenever a creature you control attacks alone  that creature gets +1/+1 until end of turn.),2,1
22,Oblivion Ring,3,When Oblivion Ring enters the battlefield  exile another target nonland permanent.\nWhen Oblivion Ring leaves the battlefield  return the exiled card to the battlefield under its owner's control.,,
23,Odric  Master Tactician,4,First strike (This creature deals combat damage before creatures without first strike.)\nWhenever Odric  Master Tactician and at least three other creatures attack  you choose which creatures block this combat and how those creatures block.,3,4
24,Pacifism,2,Enchant creature\nEnchanted creature can't attack or block.,,
25,Pillarfield Ox,4,,2,4
26,Planar Cleansing,6,Destroy all nonland permanents.,,
27,Prized Elephant,4,Prized Elephant gets +1/+1 as long as you control a Forest.\n{G}: Prized Elephant gains trample until end of turn. (If this creature would assign enough damage to its blockers to destroy them  you may have it assign the rest of its damage to defending player or planeswalker.),3,3
28,Rain of Blades,1,Rain of Blades deals 1 damage to each attacking creature.,,
29,Rhox Faithmender,4,Lifelink (Damage dealt by this creature also causes you to gain that much life.)\nIf you would gain life  you gain twice that much life instead.,1,5
30,Safe Passage,3,Prevent all damage that would be dealt to you and creatures you control this turn.,,
31,Serra Angel,5,Flying (This creature can't be blocked except by creatures with flying or reach.)\nVigilance (Attacking doesn't cause this creature to tap.),4,4
32,Serra Avatar,7,Serra Avatar's power and toughness are each equal to your life total.\nWhen Serra Avatar is put into a graveyard from anywhere  shuffle it into its owner's library.,*,*
33,Serra Avenger,2,You can't cast Serra Avenger during your first  second  or third turns of the game.\nFlying\nVigilance (Attacking doesn't cause this creature to tap.),3,3
34,Show of Valor,2,Target creature gets +2/+4 until end of turn.,,
35,Silvercoat Lion,2,,2,2
36,Sublime Archangel,4,Flying\nExalted (Whenever a creature you control attacks alone  that creature gets +1/+1 until end of turn.)\nOther creatures you control have exalted. (If a creature has multiple instances of exalted  each triggers separately.),4,3
37,Touch of the Eternal,7,At the beginning of your upkeep  count the number of permanents you control. Your life total becomes that number.,,
38,War Falcon,1,Flying\nWar Falcon can't attack unless you control a Knight or a Soldier.,2,1
39,War Priest of Thune,2,When War Priest of Thune enters the battlefield  you may destroy target enchantment.,2,2
40,Warclamp Mastiff,1,First strike (This creature deals combat damage before creatures without first strike.),1,1
41,Archaeomancer,4,When Archaeomancer enters the battlefield  return target instant or sorcery card from your graveyard to your hand.,1,2
42,Arctic Aven,3,Flying\nArctic Aven gets +1/+1 as long as you control a Plains.\n{W}: Arctic Aven gains lifelink until end of turn. (Damage dealt by this creature also causes you to gain that much life.),2,1
43,Augur of Bolas,2,When Augur of Bolas enters the battlefield  look at the top three cards of your library. You may reveal an instant or sorcery card from among them and put it into your hand. Put the rest on the bottom of your library in any order.,1,3
44,Battle of Wits,5,At the beginning of your upkeep  if you have 200 or more cards in your library  you win the game.,,
45,Clone,4,You may have Clone enter the battlefield as a copy of any creature on the battlefield.,0,0
46,Courtly Provocateur,3,{T}: Target creature attacks this turn if able.\n{T}: Target creature blocks this turn if able.,1,1
47,Divination,3,Draw two cards.,,
48,Downpour,2,Tap up to three target creatures.,,
49,Encrust,3,Enchant artifact or creature\nEnchanted permanent doesn't untap during its controller's untap step and its activated abilities can't be activated.,,
50,Essence Scatter,2,Counter target creature spell.,,
51,Faerie Invaders,5,Flash (You may cast this spell any time you could cast an instant.)\nFlying,3,3
52,Fog Bank,2,Defender  flying\nPrevent all combat damage that would be dealt to and dealt by Fog Bank.,0,2
53,Harbor Serpent,6,Islandwalk (This creature can't be blocked as long as defending player controls an Island.)\nHarbor Serpent can't attack unless there are five or more Islands on the battlefield.,5,5
54,Hydrosurge,1,Target creature gets -5/-0 until end of turn.,,
55,Index,1,Look at the top five cards of your library  then put them back in any order.,,
56,Jace  Memory Adept,5,+1: Draw a card. Target player puts the top card of his or her library into his or her graveyard.\n0: Target player puts the top ten cards of his or her library into his or her graveyard.\n−7: Any number of target players each draw twenty cards.,,
57,Jace's Phantasm,1,Flying\nJace's Phantasm gets +4/+4 as long as an opponent has ten or more cards in his or her graveyard.,1,1
58,Kraken Hatchling,1,,0,4
59,Master of the Pearl Trident,2,Other Merfolk creatures you control get +1/+1 and have islandwalk. (They can't be blocked as long as defending player controls an Island.),2,2
60,Merfolk of the Pearl Trident,1,,1,1
61,Mind Sculpt,2,Target opponent puts the top seven cards of his or her library into his or her graveyard.,,
62,Negate,2,Counter target noncreature spell.,,
63,Omniscience,10,You may cast nonland cards from your hand without paying their mana costs.,,
64,Redirect,2,You may choose new targets for target spell.,,
65,Rewind,4,Counter target spell. Untap up to four lands.,,
66,Scroll Thief,3,Whenever Scroll Thief deals combat damage to a player  draw a card.,1,3
67,Sleep,4,Tap all creatures target player controls. Those creatures don't untap during that player's next untap step.,,
68,Spelltwine,6,Exile target instant or sorcery card from your graveyard and target instant or sorcery card from an opponent's graveyard. Copy those cards. Cast the copies if able without paying their mana costs. Exile Spelltwine.,,
69,Sphinx of Uthuun,7,Flying\nWhen Sphinx of Uthuun enters the battlefield  reveal the top five cards of your library. An opponent separates those cards into two piles. Put one pile into your hand and the other into your graveyard.,5,6
70,Stormtide Leviathan,8,Islandwalk (This creature can't be blocked as long as defending player controls an Island.)\nAll lands are Islands in addition to their other types.\nCreatures without flying or islandwalk can't attack.,8,8
71,Switcheroo,5,Exchange control of two target creatures.,,
72,Talrand  Sky Summoner,4,Whenever you cast an instant or sorcery spell  put a 2/2 blue Drake creature token with flying onto the battlefield.,2,2
73,Talrand's Invocation,4,Put two 2/2 blue Drake creature tokens with flying onto the battlefield.,,
74,Tricks of the Trade,4,Enchant creature\nEnchanted creature gets +2/+0 and can't be blocked.,,
75,Unsummon,1,Return target creature to its owner's hand.,,
76,Vedalken Entrancer,4,{U}  {T}: Target player puts the top two cards of his or her library into his or her graveyard.,1,4
77,Void Stalker,2,{2}{U}  {T}: Put Void Stalker and target creature on top of their owners' libraries  then those players shuffle their libraries.,2,1
78,Watercourser,3,{U}: Watercourser gets +1/-1 until end of turn.,2,3
79,Welkin Tern,2,Flying (This creature can't be blocked except by creatures with flying or reach.)\nWelkin Tern can block only creatures with flying.,2,1
80,Wind Drake,3,Flying,2,2
81,Blood Reckoning,4,Whenever a creature attacks you or a planeswalker you control  that creature's controller loses 1 life.,,
82,Bloodhunter Bat,4,Flying\nWhen Bloodhunter Bat enters the battlefield  target player loses 2 life and you gain 2 life.,2,2
83,Bloodthrone Vampire,2,Sacrifice a creature: Bloodthrone Vampire gets +2/+2 until end of turn.,1,1
84,Cower in Fear,3,Creatures your opponents control get -1/-1 until end of turn.,,
85,Crippling Blight,1,Enchant creature\nEnchanted creature gets -1/-1 and can't block.,,
86,Dark Favor,2,Enchant creature\nWhen Dark Favor enters the battlefield  you lose 1 life.\nEnchanted creature gets +3/+1.,,
87,Diabolic Revelation,5,Search your library for up to X cards and put those cards into your hand. Then shuffle your library.,,
88,Disciple of Bolas,4,When Disciple of Bolas enters the battlefield  sacrifice another creature. You gain X life and draw X cards  where X is that creature's power.,2,1
89,Disentomb,1,Return target creature card from your graveyard to your hand.,,
90,Duress,1,Target opponent reveals his or her hand. You choose a noncreature  nonland card from it. That player discards that card.,,
91,Duskmantle Prowler,4,Haste (This creature can attack and {T} as soon as it comes under your control.)\nExalted (Whenever a creature you control attacks alone  that creature gets +1/+1 until end of turn.),2,2
92,Duty-Bound Dead,1,Exalted (Whenever a creature you control attacks alone  that creature gets +1/+1 until end of turn.)\n{3}{B}: Regenerate Duty-Bound Dead. (The next time this creature would be destroyed this turn  it isn't. Instead tap it  remove all damage from it  and remove it from combat.),0,2
93,Essence Drain,5,Essence Drain deals 3 damage to target creature or player and you gain 3 life.,,
94,Giant Scorpion,3,Deathtouch (Any amount of damage this deals to a creature is enough to destroy it.),1,3
95,Harbor Bandit,3,Harbor Bandit gets +1/+1 as long as you control an Island.\n{1}{U}: Harbor Bandit can't be blocked this turn.,2,2
96,Knight of Infamy,2,Protection from white (This creature can't be blocked  targeted  dealt damage  or enchanted by anything white.)\nExalted (Whenever a creature you control attacks alone  that creature gets +1/+1 until end of turn.),2,1
97,Liliana of the Dark Realms,4,"+1: Search your library for a Swamp card  reveal it  and put it into your hand. Then shuffle your library.\n−3: Target creature gets +X/+X or -X/-X until end of turn  where X is the number of Swamps you control.\n−6: You get an emblem with ""Swamps you control have ‘{T}: Add {B}{B}{B}{B} to your mana pool.'""",,
98,Liliana's Shade,4,When Liliana's Shade enters the battlefield  you may search your library for a Swamp card  reveal it  put it into your hand  then shuffle your library.\n{B}: Liliana's Shade gets +1/+1 until end of turn.,1,1
99,Mark of the Vampire,4,Enchant creature\nEnchanted creature gets +2/+2 and has lifelink. (Damage dealt by the creature also causes its controller to gain that much life.),,
100,Mind Rot,3,Target player discards two cards.,,
101,Murder,3,Destroy target creature.,,
102,Mutilate,4,All creatures get -1/-1 until end of turn for each Swamp you control.,,
103,Nefarox  Overlord of Grixis,6,Flying\nExalted (Whenever a creature you control attacks alone  that creature gets +1/+1 until end of turn.)\nWhenever Nefarox  Overlord of Grixis attacks alone  defending player sacrifices a creature.,5,5
104,Phylactery Lich,3,Indestructible\nAs Phylactery Lich enters the battlefield  put a phylactery counter on an artifact you control.\nWhen you control no permanents with phylactery counters on them  sacrifice Phylactery Lich.,5,5
105,Public Execution,6,Destroy target creature an opponent controls. Each other creature that player controls gets -2/-0 until end of turn.,,
106,Ravenous Rats,2,When Ravenous Rats enters the battlefield  target opponent discards a card.,1,1
107,Rise from the Grave,5,Put target creature card from a graveyard onto the battlefield under your control. That creature is a black Zombie in addition to its other colors and types.,,
108,Servant of Nefarox,3,Exalted (Whenever a creature you control attacks alone  that creature gets +1/+1 until end of turn.),3,1
109,Shimian Specter,4,Flying\nWhenever Shimian Specter deals combat damage to a player  that player reveals his or her hand. You choose a nonland card from it. Search that player's graveyard  hand  and library for all cards with the same name as that card and exile them. Then that player shuffles his or her library.,2,2
110,Sign in Blood,2,Target player draws two cards and loses 2 life.,,
111,Tormented Soul,1,Tormented Soul can't block and can't be blocked.,1,1
112,Vampire Nighthawk,3,Flying\nDeathtouch (Any amount of damage this deals to a creature is enough to destroy it.)\nLifelink (Damage dealt by this creature also causes you to gain that much life.),2,3
113,Vampire Nocturnus,4,Play with the top card of your library revealed.\nAs long as the top card of your library is black  Vampire Nocturnus and other Vampire creatures you control get +2/+1 and have flying.,3,3
114,Veilborn Ghoul,5,Veilborn Ghoul can't block.\nWhenever a Swamp enters the battlefield under your control  you may return Veilborn Ghoul from your graveyard to your hand.,4,1
115,Vile Rebirth,1,Exile target creature card from a graveyard. Put a 2/2 black Zombie creature token onto the battlefield.,,
116,Walking Corpse,2,,2,2
117,Wit's End,7,Target player discards his or her hand.,,
118,Xathrid Gorgon,6,Deathtouch (Any amount of damage this deals to a creature is enough to destroy it.)\n{2}{B}  {T}: Put a petrification counter on target creature. It gains defender and becomes a colorless artifact in addition to its other types. Its activated abilities can't be activated. (A creature with defender can't attack.),3,6
119,Zombie Goliath,5,,4,3
120,Arms Dealer,3,{1}{R}  Sacrifice a Goblin: Arms Dealer deals 4 damage to target creature.,1,1
121,Bladetusk Boar,4,Intimidate (This creature can't be blocked except by artifact creatures and/or creatures that share a color with it.),3,2
122,Canyon Minotaur,4,,3,3
123,Chandra  the Firebrand,4,+1: Chandra  the Firebrand deals 1 damage to target creature or player.\n−2: When you cast your next instant or sorcery spell this turn  copy that spell. You may choose new targets for the copy.\n−6: Chandra  the Firebrand deals 6 damage to each of up to six target creatures and/or players.,,
124,Chandra's Fury,5,Chandra's Fury deals 4 damage to target player and 1 damage to each creature that player controls.,,
125,Cleaver Riot,5,Creatures you control gain double strike until end of turn. (They deal both first-strike and regular combat damage.),,
126,Craterize,4,Destroy target land.,,
127,Crimson Muckwader,2,Crimson Muckwader gets +1/+1 as long as you control a Swamp.\n{2}{B}: Regenerate Crimson Muckwader. (The next time this creature would be destroyed this turn  it isn't. Instead tap it  remove all damage from it  and remove it from combat.),2,1
128,Dragon Hatchling,2,Flying\n{R}: Dragon Hatchling gets +1/+0 until end of turn.,0,1
129,Fervor,3,Creatures you control have haste. (They can attack and {T} as soon as they come under your control.),,
130,Fire Elemental,5,,5,4
131,Firewing Phoenix,4,Flying\n{1}{R}{R}{R}: Return Firewing Phoenix from your graveyard to your hand.,4,2
132,Flames of the Firebrand,3,Flames of the Firebrand deals 3 damage divided as you choose among one  two  or three target creatures and/or players.,,
133,Furnace Whelp,4,Flying (This creature can't be blocked except by creatures with flying or reach.)\n{R}: Furnace Whelp gets +1/+0 until end of turn.,2,2
134,Goblin Arsonist,1,When Goblin Arsonist dies  you may have it deal 1 damage to target creature or player.,1,1
135,Goblin Battle Jester,4,Whenever you cast a red spell  target creature can't block this turn.,2,2
136,Hamletback Goliath,7,Whenever another creature enters the battlefield  you may put X +1/+1 counters on Hamletback Goliath  where X is that creature's power.,6,6
137,Kindled Fury,1,Target creature gets +1/+0 and gains first strike until end of turn.,,
138,Krenko  Mob Boss,4,{T}: Put X 1/1 red Goblin creature tokens onto the battlefield  where X is the number of Goblins you control.,3,3
139,Krenko's Command,2,Put two 1/1 red Goblin creature tokens onto the battlefield.,,
140,Magmaquake,2,Magmaquake deals X damage to each creature without flying and each planeswalker.,,
141,Mark of Mutiny,3,Gain control of target creature until end of turn. Put a +1/+1 counter on it and untap it. That creature gains haste until end of turn. (It can attack and {T} this turn.),,
142,Mindclaw Shaman,5,When Mindclaw Shaman enters the battlefield  target opponent reveals his or her hand. You may cast an instant or sorcery card from it without paying its mana cost.,2,2
143,Mogg Flunkies,2,Mogg Flunkies can't attack or block alone.,3,3
144,Reckless Brute,3,Haste (This creature can attack and {T} as soon as it comes under your control.)\nReckless Brute attacks each turn if able.,3,1
145,Reverberate,2,Copy target instant or sorcery spell. You may choose new targets for the copy.,,
146,Rummaging Goblin,3,{T}  Discard a card: Draw a card.,1,1
147,Searing Spear,2,Searing Spear deals 3 damage to target creature or player.,,
148,Slumbering Dragon,1,Flying\nSlumbering Dragon can't attack or block unless it has five or more +1/+1 counters on it.\nWhenever a creature attacks you or a planeswalker you control  put a +1/+1 counter on Slumbering Dragon.,3,3
149,Smelt,1,Destroy target artifact.,,
150,Thundermaw Hellkite,5,Flying\nHaste (This creature can attack and {T} as soon as it comes under your control.)\nWhen Thundermaw Hellkite enters the battlefield  it deals 1 damage to each creature with flying your opponents control. Tap those creatures.,5,5
151,Torch Fiend,2,{R}  Sacrifice Torch Fiend: Destroy target artifact.,2,1
152,Trumpet Blast,3,Attacking creatures get +2/+0 until end of turn.,,
153,Turn to Slag,5,Turn to Slag deals 5 damage to target creature. Destroy all Equipment attached to that creature.,,
154,Volcanic Geyser,2,Volcanic Geyser deals X damage to target creature or player.,,
155,Volcanic Strength,2,Enchant creature\nEnchanted creature gets +2/+2 and has mountainwalk. (It can't be blocked as long as defending player controls a Mountain.),,
156,Wall of Fire,3,Defender (This creature can't attack.)\n{R}: Wall of Fire gets +1/+0 until end of turn.,0,5
157,Wild Guess,2,As an additional cost to cast Wild Guess  discard a card.\nDraw two cards.,,
158,Worldfire,9,Exile all permanents. Exile all cards from all hands and graveyards. Each player's life total becomes 1.,,
159,Acidic Slime,5,Deathtouch (Any amount of damage this deals to a creature is enough to destroy it.)\nWhen Acidic Slime enters the battlefield  destroy target artifact  enchantment  or land.,2,2
160,Arbor Elf,1,{T}: Untap target Forest.,1,1
161,Bond Beetle,1,When Bond Beetle enters the battlefield  put a +1/+1 counter on target creature.,0,1
162,Boundless Realms,7,Search your library for up to X basic land cards  where X is the number of lands you control  and put them onto the battlefield tapped. Then shuffle your library.,,
163,Bountiful Harvest,5,You gain 1 life for each land you control.,,
164,Centaur Courser,3,,3,3
165,Deadly Recluse,2,Reach (This creature can block creatures with flying.)\nDeathtouch (Any amount of damage this deals to a creature is enough to destroy it.),1,2
166,Duskdale Wurm,7,Trample (This creature can deal excess combat damage to defending player or planeswalker while attacking.),7,7
167,Elderscale Wurm,7,Trample\nWhen Elderscale Wurm enters the battlefield  if your life total is less than 7  your life total becomes 7.\nAs long as you have 7 or more life  damage that would reduce your life total to less than 7 reduces it to 7 instead.,7,7
168,Elvish Archdruid,3,Other Elf creatures you control get +1/+1.\n{T}: Add {G} to your mana pool for each Elf you control.,2,2
169,Elvish Visionary,2,When Elvish Visionary enters the battlefield  draw a card.,1,1
170,Farseek,2,Search your library for a Plains  Island  Swamp  or Mountain card and put it onto the battlefield tapped. Then shuffle your library.,,
171,Flinthoof Boar,2,Flinthoof Boar gets +1/+1 as long as you control a Mountain.\n{R}: Flinthoof Boar gains haste until end of turn. (It can attack and {T} this turn.),2,2
172,Fog,1,Prevent all combat damage that would be dealt this turn.,,
173,Fungal Sprouting,4,Put X 1/1 green Saproling creature tokens onto the battlefield  where X is the greatest power among creatures you control.,,
174,Garruk  Primal Hunter,5,+1: Put a 3/3 green Beast creature token onto the battlefield.\n−3: Draw cards equal to the greatest power among creatures you control.\n−6: Put a 6/6 green Wurm creature token onto the battlefield for each land you control.,,
175,Garruk's Packleader,5,Whenever another creature with power 3 or greater enters the battlefield under your control  you may draw a card.,4,4
176,Ground Seal,2,When Ground Seal enters the battlefield  draw a card.\nCards in graveyards can't be the targets of spells or abilities.,,
177,Mwonvuli Beast Tracker,3,When Mwonvuli Beast Tracker enters the battlefield  search your library for a creature card with deathtouch  hexproof  reach  or trample and reveal it. Shuffle your library and put that card on top of it.,2,1
178,Naturalize,2,Destroy target artifact or enchantment.,,
179,Plummet,2,Destroy target creature with flying.,,
180,Predatory Rampage,5,Creatures you control get +3/+3 until end of turn. Each creature your opponents control blocks this turn if able.,,
181,Prey Upon,1,Target creature you control fights target creature you don't control. (Each deals damage equal to its power to the other.),,
182,Primal Huntbeast,4,Hexproof (This creature can't be the target of spells or abilities your opponents control.),3,3
183,Primordial Hydra,2,Primordial Hydra enters the battlefield with X +1/+1 counters on it.\nAt the beginning of your upkeep  double the number of +1/+1 counters on Primordial Hydra.\nPrimordial Hydra has trample as long as it has ten or more +1/+1 counters on it.,0,0
184,Quirion Dryad,2,Whenever you cast a white  blue  black  or red spell  put a +1/+1 counter on Quirion Dryad.,1,1
185,Rancor,1,Enchant creature\nEnchanted creature gets +2/+0 and has trample.\nWhen Rancor is put into a graveyard from the battlefield  return Rancor to its owner's hand.,,
186,Ranger's Path,4,Search your library for up to two Forest cards and put them onto the battlefield tapped. Then shuffle your library.,,
187,Revive,2,Return target green card from your graveyard to your hand.,,
188,Roaring Primadox,4,At the beginning of your upkeep  return a creature you control to its owner's hand.,4,4
189,Sentinel Spider,5,Vigilance (Attacking doesn't cause this creature to tap.)\nReach (This creature can block creatures with flying.),4,4
190,Serpent's Gift,3,Target creature gains deathtouch until end of turn. (Any amount of damage it deals to a creature is enough to destroy it.),,
191,Silklash Spider,5,Reach\n{X}{G}{G}: Silklash Spider deals X damage to each creature with flying.,2,7
192,Spiked Baloth,4,Trample (This creature can deal excess combat damage to defending player or planeswalker while attacking.),4,2
193,Thragtusk,5,When Thragtusk enters the battlefield  you gain 5 life.\nWhen Thragtusk leaves the battlefield  put a 3/3 green Beast creature token onto the battlefield.,5,3
194,Timberpack Wolf,2,Timberpack Wolf gets +1/+1 for each other creature you control named Timberpack Wolf.,2,2
195,Titanic Growth,2,Target creature gets +4/+4 until end of turn.,,
196,Vastwood Gorger,6,,5,6
197,Yeva  Nature's Herald,4,Flash (You may cast this spell any time you could cast an instant.)\nYou may cast green creature cards as though they had flash.,4,4
198,Yeva's Forcemage,3,When Yeva's Forcemage enters the battlefield  target creature gets +2/+2 until end of turn.,2,2
199,Nicol Bolas  Planeswalker,8,+3: Destroy target noncreature permanent.\n−2: Gain control of target creature.\n−9: Nicol Bolas  Planeswalker deals 7 damage to target player. That player discards seven cards  then sacrifices seven permanents.,,
200,Akroma's Memorial,7,Creatures you control have flying  first strike  vigilance  trample  haste  and protection from black and from red.,,
201,Chronomaton,1,{1}  {T}: Put a +1/+1 counter on Chronomaton.,1,1
202,Clock of Omens,4,Tap two untapped artifacts you control: Untap target artifact.,,
203,Door to Nothingness,5,Door to Nothingness enters the battlefield tapped.\n{W}{W}{U}{U}{B}{B}{R}{R}{G}{G}  {T}  Sacrifice Door to Nothingness: Target player loses the game.,,
204,Elixir of Immortality,1,{2}  {T}: You gain 5 life. Shuffle Elixir of Immortality and your graveyard into their owner's library.,,
205,Gem of Becoming,3,{3}  {T}  Sacrifice Gem of Becoming: Search your library for an Island card  a Swamp card  and a Mountain card. Reveal those cards and put them into your hand. Then shuffle your library.,,
206,Gilded Lotus,5,{T}: Add three mana of any one color to your mana pool.,,
207,Jayemdae Tome,4,{4}  {T}: Draw a card.,,
208,Kitesail,2,Equipped creature gets +1/+0 and has flying.\nEquip {2} ({2}: Attach to target creature you control. Equip only as a sorcery.),,
209,Phyrexian Hulk,6,,5,4
210,Primal Clay,4,As Primal Clay enters the battlefield  it becomes your choice of a 3/3 artifact creature  a 2/2 artifact creature with flying  or a 1/6 Wall artifact creature with defender in addition to its other types. (A creature with defender can't attack.),*,*
211,Ring of Evos Isle,2,{2}: Equipped creature gains hexproof until end of turn. (It can't be the target of spells or abilities your opponents control.)\nAt the beginning of your upkeep  put a +1/+1 counter on equipped creature if it's blue.\nEquip {1} ({1}: Attach to target creature you control. Equip only as a sorcery.),,
212,Ring of Kalonia,2,Equipped creature has trample. (If it would assign enough damage to its blockers to destroy them  you may have it assign the rest of its damage to defending player or planeswalker.)\nAt the beginning of your upkeep  put a +1/+1 counter on equipped creature if it's green.\nEquip {1} ({1}: Attach to target creature you control. Equip only as a sorcery.),,
213,Ring of Thune,2,Equipped creature has vigilance. (Attacking doesn't cause it to tap.)\nAt the beginning of your upkeep  put a +1/+1 counter on equipped creature if it's white.\nEquip {1} ({1}: Attach to target creature you control. Equip only as a sorcery.),,
214,Ring of Valkas,2,Equipped creature has haste. (It can attack and {T} no matter when it came under your control.)\nAt the beginning of your upkeep  put a +1/+1 counter on equipped creature if it's red.\nEquip {1} ({1}: Attach to target creature you control. Equip only as a sorcery.),,
215,Ring of Xathrid,2,{2}: Regenerate equipped creature. (The next time that creature would be destroyed this turn  it isn't. Instead tap it  remove all damage from it  and remove it from combat.)\nAt the beginning of your upkeep  put a +1/+1 counter on equipped creature if it's black.\nEquip {1} ({1}: Attach to target creature you control. Equip only as a sorcery.),,
216,Sands of Delirium,3,{X}  {T}: Target player puts the top X cards of his or her library into his or her graveyard.,,
217,Staff of Nin,6,At the beginning of your upkeep  draw a card.\n{T}: Staff of Nin deals 1 damage to target creature or player.,,
218,Stuffy Doll,5,Indestructible\nAs Stuffy Doll enters the battlefield  choose a player.\nWhenever Stuffy Doll is dealt damage  it deals that much damage to the chosen player.\n{T}: Stuffy Doll deals 1 damage to itself.,0,1
219,Tormod's Crypt,,{T}  Sacrifice Tormod's Crypt: Exile all cards from target player's graveyard.,,
220,Trading Post,4,{1}  {T}  Discard a card: You gain 4 life.\n{1}  {T}  Pay 1 life: Put a 0/1 white Goat creature token onto the battlefield.\n{1}  {T}  Sacrifice a creature: Return target artifact card from your graveyard to your hand.\n{1}  {T}  Sacrifice an artifact: Draw a card.,,
221,Cathedral of War,,Cathedral of War enters the battlefield tapped.\nExalted (Whenever a creature you control attacks alone  that creature gets +1/+1 until end of turn.)\n{T}: Add {C} to your mana pool.,,
222,Dragonskull Summit,,Dragonskull Summit enters the battlefield tapped unless you control a Swamp or a Mountain.\n{T}: Add {B} or {R} to your mana pool.,,
223,Drowned Catacomb,,Drowned Catacomb enters the battlefield tapped unless you control an Island or a Swamp.\n{T}: Add {U} or {B} to your mana pool.,,
224,Evolving Wilds,,{T}  Sacrifice Evolving Wilds: Search your library for a basic land card and put it onto the battlefield tapped. Then shuffle your library.,,
225,Glacial Fortress,,Glacial Fortress enters the battlefield tapped unless you control a Plains or an Island.\n{T}: Add {W} or {U} to your mana pool.,,
226,Hellion Crucible,,{T}: Add {C} to your mana pool.\n{1}{R}  {T}: Put a pressure counter on Hellion Crucible.\n{1}{R}  {T}  Remove two pressure counters from Hellion Crucible and sacrifice it: Put a 4/4 red Hellion creature token with haste onto the battlefield. (It can attack and {T} as soon as it comes under your control.),,
227,Reliquary Tower,,You have no maximum hand size.\n{T}: Add {C} to your mana pool.,,
228,Rootbound Crag,,Rootbound Crag enters the battlefield tapped unless you control a Mountain or a Forest.\n{T}: Add {R} or {G} to your mana pool.,,
229,Sunpetal Grove,,Sunpetal Grove enters the battlefield tapped unless you control a Forest or a Plains.\n{T}: Add {G} or {W} to your mana pool.,,
230,Plains,,,,
231,Island,,,,
232,Swamp,,,,
233,Mountain,,,,
234,Forest,,,,
235,Aesthir Glider,3,Flying\nAesthir Glider can't block.,2,1
236,Agent of Stromgald,1,{R}: Add {B} to your mana pool.,1,1
237,Arcane Denial,2,Counter target spell. Its controller may draw up to two cards at the beginning of the next turn's upkeep.\nYou draw a card at the beginning of the next turn's upkeep.,,
238,Ashnod's Cylix,2,{3}  {T}: Target player looks at the top three cards of his or her library  puts one of them back on top of his or her library  then exiles the rest.,,
239,Astrolabe,3,{1}  {T}  Sacrifice Astrolabe: Add two mana of any one color to your mana pool. Draw a card at the beginning of the next turn's upkeep.,,
240,Awesome Presence,1,Enchant creature\nEnchanted creature can't be blocked unless defending player pays {3} for each creature he or she controls that's blocking it.,,
241,Balduvian Dead,4,{2}{R}  Exile a creature card from your graveyard: Put a 3/1 black and red Graveborn creature token with haste onto the battlefield. Sacrifice it at the beginning of the next end step.,2,3
242,Balduvian Horde,4,When Balduvian Horde enters the battlefield  sacrifice it unless you discard a card at random.,5,5
243,Balduvian Trading Post,,If Balduvian Trading Post would enter the battlefield  sacrifice an untapped Mountain instead. If you do  put Balduvian Trading Post onto the battlefield. If you don't  put it into its owner's graveyard.\n{T}: Add {C}{R} to your mana pool.\n{1}  {T}: Balduvian Trading Post deals 1 damage to target attacking creature.,,
244,Balduvian War-Makers,5,Haste\nRampage 1 (Whenever this creature becomes blocked  it gets +1/+1 until end of turn for each creature blocking it beyond the first.),3,3
245,Benthic Explorers,4,{T}  Untap a tapped land an opponent controls: Add one mana of any type that land could produce to your mana pool.,2,4
246,Bestial Fury,3,Enchant creature\nWhen Bestial Fury enters the battlefield  draw a card at the beginning of the next turn's upkeep.\nWhenever enchanted creature becomes blocked  it gets +4/+0 and gains trample until end of turn.,,
247,Bounty of the Hunt,5,You may exile a green card from your hand rather than pay Bounty of the Hunt's mana cost.\nDistribute three +1/+1 counters among one  two  or three target creatures. For each +1/+1 counter you put on a creature this way  remove a +1/+1 counter from that creature at the beginning of the next cleanup step.,,
248,Browse,4,{2}{U}{U}: Look at the top five cards of your library  put one of them into your hand  and exile the rest.,,
249,Burnout,2,Counter target instant spell if it's blue.\nDraw a card at the beginning of the next turn's upkeep.,,
250,Carrier Pigeons,4,Flying\nWhen Carrier Pigeons enters the battlefield  draw a card at the beginning of the next turn's upkeep.,1,1
251,Casting of Bones,3,Enchant creature\nWhen enchanted creature dies  draw three cards  then discard one of them.,,
252,Chaos Harlequin,4,{R}: Exile the top card of your library. If that card is a land card  Chaos Harlequin gets -4/-0 until end of turn. Otherwise  Chaos Harlequin gets +2/+0 until end of turn.,2,4
253,Contagion,5,You may pay 1 life and exile a black card from your hand rather than pay Contagion's mana cost.\nDistribute two -2/-1 counters among one or two target creatures.,,
254,Deadly Insect,5,Shroud (This creature can't be the target of spells or abilities.),6,1
255,Death Spark,1,Death Spark deals 1 damage to target creature or player.\nAt the beginning of your upkeep  if Death Spark is in your graveyard with a creature card directly above it  you may pay {1}. If you do  return Death Spark to your hand.,,
256,Diminishing Returns,4,Each player shuffles his or her hand and graveyard into his or her library. You exile the top ten cards of your library. Then each player draws up to seven cards.,,
257,Diseased Vermin,3,Whenever Diseased Vermin deals combat damage to a player  put an infection counter on it.\nAt the beginning of your upkeep  Diseased Vermin deals X damage to target opponent previously dealt damage by it  where X is the number of infection counters on it.,1,1
258,Dystopia,3,Cumulative upkeep—Pay 1 life. (At the beginning of your upkeep  put an age counter on this permanent  then sacrifice it unless you pay its upkeep cost for each age counter on it.)\nAt the beginning of each player's upkeep  that player sacrifices a green or white permanent.,,
259,Elvish Bard,5,All creatures able to block Elvish Bard do so.,2,4
260,Elvish Ranger,3,,4,1
261,Elvish Spirit Guide,3,Exile Elvish Spirit Guide from your hand: Add {G} to your mana pool.,2,2
262,Energy Arc,2,Untap any number of target creatures. Prevent all combat damage that would be dealt to and dealt by those creatures this turn.,,
263,Enslaved Scout,3,{2}: Enslaved Scout gains mountainwalk until end of turn. (It can't be blocked as long as defending player controls a Mountain.),2,2
264,Errand of Duty,2,Put a 1/1 white Knight creature token with banding onto the battlefield. (Any creatures with banding  and up to one without  can attack in a band. Bands are blocked as a group. If any creatures with banding you control are blocking or being blocked by a creature  you divide that creature's combat damage  not its controller  among any of the creatures it's being blocked by or is blocking.),,
265,Exile,3,Exile target nonwhite attacking creature. You gain life equal to its toughness.,,
266,False Demise,3,Enchant creature\nWhen enchanted creature dies  return that card to the battlefield under your control.,,
267,Fatal Lore,4,An opponent chooses one —\n• You draw three cards.\n• You destroy up to two target creatures that player controls. They can't be regenerated. That player draws up to three cards.,,
268,Feast or Famine,4,Choose one —\n• Put a 2/2 black Zombie creature token onto the battlefield.\n• Destroy target nonartifact  nonblack creature. It can't be regenerated.,,
269,Fevered Strength,3,Target creature gets +2/+0 until end of turn.\nDraw a card at the beginning of the next turn's upkeep.,,
270,Floodwater Dam,3,{X}{X}{1}  {T}: Tap X target lands.,,
271,Force of Will,5,You may pay 1 life and exile a blue card from your hand rather than pay Force of Will's mana cost.\nCounter target spell.,,
272,Foresight,2,Search your library for three cards  exile them  then shuffle your library.\nDraw a card at the beginning of the next turn's upkeep.,,
273,Fyndhorn Druid,3,When Fyndhorn Druid dies  if it was blocked this turn  you gain 4 life.,2,2
274,Gargantuan Gorilla,7,At the beginning of your upkeep  you may sacrifice a Forest. If you sacrifice a snow Forest this way  Gargantuan Gorilla gains trample until end of turn. If you don't sacrifice a Forest  sacrifice Gargantuan Gorilla and it deals 7 damage to you.\n{T}: Gargantuan Gorilla deals damage equal to its power to another target creature. That creature deals damage equal to its power to Gargantuan Gorilla.,7,7
275,Gift of the Woods,1,Enchant creature\nWhenever enchanted creature blocks or becomes blocked  it gets +0/+3 until end of turn and you gain 1 life.,,
276,Gorilla Berserkers,5,Trample; rampage 2 (Whenever this creature becomes blocked  it gets +2/+2 until end of turn for each creature blocking it beyond the first.)\nGorilla Berserkers can't be blocked except by three or more creatures.,2,3
277,Gorilla Chieftain,4,{1}{G}: Regenerate Gorilla Chieftain.,3,3
278,Gorilla Shaman,1,{X}{X}{1}: Destroy target noncreature artifact with converted mana cost X.,1,1
279,Gorilla War Cry,2,Cast Gorilla War Cry only during combat before blockers are declared.\nAll creatures gain menace until end of turn. (They can't be blocked except by two or more creatures.)\nDraw a card at the beginning of the next turn's upkeep.,,
280,Guerrilla Tactics,2,Guerrilla Tactics deals 2 damage to target creature or player.\nWhen a spell or ability an opponent controls causes you to discard Guerrilla Tactics  Guerrilla Tactics deals 4 damage to target creature or player.,,
281,Gustha's Scepter,,{T}: Exile a card from your hand face down. You may look at it for as long as it remains exiled.\n{T}: Return a card you own exiled with Gustha's Scepter to your hand.\nWhen you lose control of Gustha's Scepter  put all cards exiled with Gustha's Scepter into their owner's graveyard.,,
282,Hail Storm,3,Hail Storm deals 2 damage to each attacking creature and 1 damage to you and each creature you control.,,
283,Heart of Yavimaya,,If Heart of Yavimaya would enter the battlefield  sacrifice a Forest instead. If you do  put Heart of Yavimaya onto the battlefield. If you don't  put it into its owner's graveyard.\n{T}: Add {G} to your mana pool.\n{T}: Target creature gets +1/+1 until end of turn.,,
284,Helm of Obedience,4,{X}  {T}: Target opponent puts cards from the top of his or her library into his or her graveyard until a creature card or X cards are put into that graveyard this way  whichever comes first. If a creature card is put into that graveyard this way  sacrifice Helm of Obedience and put that card onto the battlefield under your control. X can't be 0.,,
285,Inheritance,1,Whenever a creature dies  you may pay {3}. If you do  draw a card.,,
286,Insidious Bookworms,1,When Insidious Bookworms dies  you may pay {1}{B}. If you do  target player discards a card at random.,1,1
287,Ivory Gargoyle,5,Flying\nWhen Ivory Gargoyle dies  return it to the battlefield under its owner's control at the beginning of the next end step and you skip your next draw step.\n{4}{W}: Exile Ivory Gargoyle.,2,2
288,Juniper Order Advocate,3,As long as Juniper Order Advocate is untapped  green creatures you control get +1/+1.,1,2
289,Kaysa,5,Green creatures you control get +1/+1.,2,3
290,Keeper of Tresserhorn,6,Whenever Keeper of Tresserhorn attacks and isn't blocked  it assigns no combat damage this turn and defending player loses 2 life.,6,6
291,Kjeldoran Escort,4,Banding (Any creatures with banding  and up to one without  can attack in a band. Bands are blocked as a group. If any creatures with banding you control are blocking or being blocked by a creature  you divide that creature's combat damage  not its controller  among any of the creatures it's being blocked by or is blocking.),2,3
292,Kjeldoran Home Guard,4,At end of combat  if Kjeldoran Home Guard attacked or blocked this combat  put a -0/-1 counter on Kjeldoran Home Guard and put a 0/1 white Deserter creature token onto the battlefield.,1,6
293,Kjeldoran Outpost,,If Kjeldoran Outpost would enter the battlefield  sacrifice a Plains instead. If you do  put Kjeldoran Outpost onto the battlefield. If you don't  put it into its owner's graveyard.\n{T}: Add {W} to your mana pool.\n{1}{W}  {T}: Put a 1/1 white Soldier creature token onto the battlefield.,,
294,Kjeldoran Pride,2,Enchant creature\nEnchanted creature gets +1/+2.\n{2}{U}: Attach Kjeldoran Pride to target creature other than enchanted creature.,,
295,Krovikan Horror,4,At the beginning of the end step  if Krovikan Horror is in your graveyard with a creature card directly above it  you may return Krovikan Horror to your hand.\n{1}  Sacrifice a creature: Krovikan Horror deals 1 damage to target creature or player.,2,2
296,Krovikan Plague,3,Enchant non-Wall creature you control\nWhen Krovikan Plague enters the battlefield  draw a card at the beginning of the next turn's upkeep.\nTap enchanted creature: Krovikan Plague deals 1 damage to target creature or player. Put a -0/-1 counter on enchanted creature. Activate this ability only if enchanted creature is untapped.,,
297,Lake of the Dead,,If Lake of the Dead would enter the battlefield  sacrifice a Swamp instead. If you do  put Lake of the Dead onto the battlefield. If you don't  put it into its owner's graveyard.\n{T}: Add {B} to your mana pool.\n{T}  Sacrifice a Swamp: Add {B}{B}{B}{B} to your mana pool.,,
298,Lat-Nam's Legacy,2,Shuffle a card from your hand into your library. If you do  draw two cards at the beginning of the next turn's upkeep.,,
299,Library of Lat-Nam,5,An opponent chooses one —\n• You draw three cards at the beginning of the next turn's upkeep.\n• You search your library for a card  put that card into your hand  then shuffle your library.,,
300,Lim-Dûl's High Guard,3,First strike\n{1}{B}: Regenerate Lim-Dûl's High Guard.,2,1
301,Lim-Dûl's Paladin,4,Trample\nAt the beginning of your upkeep  you may discard a card. If you don't  sacrifice Lim-Dûl's Paladin and draw a card.\nWhenever Lim-Dûl's Paladin becomes blocked  it gets +6/+3 until end of turn.\nWhenever Lim-Dûl's Paladin attacks and isn't blocked  it assigns no combat damage to defending player this turn and that player loses 4 life.,0,3
302,Lim-Dûl's Vault,2,Look at the top five cards of your library. As many times as you choose  you may pay 1 life  put those cards on the bottom of your library in any order  then look at the top five cards of your library. Then shuffle your library and put the last cards you looked at this way on top of it in any order.,,
303,Lodestone Bauble,,{1}  {T}  Sacrifice Lodestone Bauble: Put up to four target basic land cards from a player's graveyard on top of his or her library in any order. That player draws a card at the beginning of the next turn's upkeep.,,
304,Lord of Tresserhorn,4,When Lord of Tresserhorn enters the battlefield  you lose 2 life  you sacrifice two creatures  and target opponent draws two cards.\n{B}: Regenerate Lord of Tresserhorn.,10,4
305,Martyrdom,3,"Until end of turn  target creature you control gains ""{0}: The next 1 damage that would be dealt to target creature or player this turn is dealt to this creature instead."" Only you may activate this ability.",,
306,Misfortune,4,An opponent chooses one —\n• You put a +1/+1 counter on each creature you control and gain 4 life.\n• You put a -1/-1 counter on each creature that player controls and Misfortune deals 4 damage to him or her.,,
307,Mishra's Groundbreaker,4,{T}  Sacrifice Mishra's Groundbreaker: Target land becomes a 3/3 artifact creature that's still a land. (This effect lasts indefinitely.),,
308,Misinformation,1,Put up to three target cards from an opponent's graveyard on top of his or her library in any order.,,
309,Mystic Compass,2,{1}  {T}: Target land becomes the basic land type of your choice until end of turn.,,
310,Nature's Blessing,4,{G}{W}  Discard a card: Put a +1/+1 counter on target creature or that creature gains banding  first strike  or trample. (This effect lasts indefinitely. Any creatures with banding  and up to one without  can attack in a band. Bands are blocked as a group. If any creatures with banding a player controls are blocking or being blocked by a creature  that player divides that creature's combat damage  not its controller  among any of the creatures it's being blocked by or is blocking.),,
311,Nature's Chosen,1,Enchant creature you control\n{0}: Untap enchanted creature. Activate this ability only during your turn and only once each turn.\nTap enchanted creature: Untap target artifact  creature  or land. Activate this ability only if enchanted creature is white and is untapped and only once each turn.,,
312,Nature's Wrath,6,At the beginning of your upkeep  sacrifice Nature's Wrath unless you pay {G}.\nWhenever a player puts an Island or blue permanent onto the battlefield  he or she sacrifices an Island or blue permanent.\nWhenever a player puts a Swamp or black permanent onto the battlefield  he or she sacrifices a Swamp or black permanent.,,
313,Noble Steeds,3,{1}{W}: Target creature gains first strike until end of turn.,,
314,Omen of Fire,5,Return all Islands to their owners' hands.\nEach player sacrifices a Plains or a white permanent for each white permanent he or she controls.,,
315,Phantasmal Fiend,4,{B}: Phantasmal Fiend gets +1/-1 until end of turn.\n{1}{U}: Switch Phantasmal Fiend's power and toughness until end of turn.,1,5
316,Phantasmal Sphere,2,Flying\nAt the beginning of your upkeep  put a +1/+1 counter on Phantasmal Sphere  then sacrifice Phantasmal Sphere unless you pay {1} for each +1/+1 counter on it.\nWhen Phantasmal Sphere leaves the battlefield  target opponent puts an X/X blue Orb creature token with flying onto the battlefield  where X is the number of +1/+1 counters on Phantasmal Sphere.,0,1
317,Phelddagrif,4,{G}: Phelddagrif gains trample until end of turn. Target opponent puts a 1/1 green Hippo creature token onto the battlefield.\n{W}: Phelddagrif gains flying until end of turn. Target opponent gains 2 life.\n{U}: Return Phelddagrif to its owner's hand. Target opponent may draw a card.,4,4
318,Phyrexian Boon,3,Enchant creature\nEnchanted creature gets +2/+1 as long as it's black. Otherwise  it gets -1/-2.,,
319,Phyrexian Devourer,6,When Phyrexian Devourer's power is 7 or greater  sacrifice it.\nExile the top card of your library: Put X +1/+1 counters on Phyrexian Devourer  where X is the exiled card's converted mana cost.,1,1
320,Phyrexian Portal,3,{3}: If your library has ten or more cards in it  target opponent looks at the top ten cards of your library and separates them into two face-down piles. Exile one of those piles. Search the other pile for a card  put it into your hand  then shuffle the rest of that pile into your library.,,
321,Phyrexian War Beast,3,When Phyrexian War Beast leaves the battlefield  sacrifice a land and Phyrexian War Beast deals 1 damage to you.,3,4
322,Pillage,3,Destroy target artifact or land. It can't be regenerated.,,
323,Primitive Justice,2,As an additional cost to cast Primitive Justice  you may pay {1}{R} and/or {1}{G} any number of times.\nDestroy target artifact. For each additional {1}{R} you paid  destroy another target artifact. For each additional {1}{G} you paid  destroy another target artifact  and you gain 1 life.,,
324,Pyrokinesis,6,You may exile a red card from your hand rather than pay Pyrokinesis's mana cost.\nPyrokinesis deals 4 damage divided as you choose among any number of target creatures.,,
325,Reinforcements,1,Put up to three target creature cards from your graveyard on top of your library.,,
326,Reprisal,2,Destroy target creature with power 4 or greater. It can't be regenerated.,,
327,Ritual of the Machine,4,As an additional cost to cast Ritual of the Machine  sacrifice a creature.\nGain control of target nonartifact  nonblack creature.,,
328,Rogue Skycaptain,3,Flying\nAt the beginning of your upkeep  put a wage counter on Rogue Skycaptain. You may pay {2} for each wage counter on it. If you don't  remove all wage counters from Rogue Skycaptain and an opponent gains control of it.,3,4
329,Royal Decree,4,Cumulative upkeep {W} (At the beginning of your upkeep  put an age counter on this permanent  then sacrifice it unless you pay its upkeep cost for each age counter on it.)\nWhenever a Swamp  Mountain  black permanent  or red permanent becomes tapped  Royal Decree deals 1 damage to that permanent's controller.,,
330,Royal Herbalist,1,{2}  Exile the top card of your library: You gain 1 life.,1,1
331,Scarab of the Unseen,2,{T}  Sacrifice Scarab of the Unseen: Return all Auras attached to target permanent you own to their owners' hands. Draw a card at the beginning of the next turn's upkeep.,,
332,Scars of the Veteran,5,You may exile a white card from your hand rather than pay Scars of the Veteran's mana cost.\nPrevent the next 7 damage that would be dealt to target creature or player this turn. At the beginning of the next end step  put a +0/+1 counter on that creature for each 1 damage prevented this way.,,
333,School of the Unseen,,{T}: Add {C} to your mana pool.\n{2}  {T}: Add one mana of any color to your mana pool.,,
334,Seasoned Tactician,3,{3}  Exile the top four cards of your library: The next time a source of your choice would deal damage to you this turn  prevent that damage.,1,3
335,Sheltered Valley,,If Sheltered Valley would enter the battlefield  instead sacrifice each other permanent named Sheltered Valley you control  then put Sheltered Valley onto the battlefield.\nAt the beginning of your upkeep  if you control three or fewer lands  you gain 1 life.\n{T}: Add {C} to your mana pool.,,
336,Shield Sphere,,Defender\nWhenever Shield Sphere blocks  put a -0/-1 counter on it.,0,6
337,Sol Grail,3,As Sol Grail enters the battlefield  choose a color.\n{T}: Add one mana of the chosen color to your mana pool.,,
338,Soldevi Adnate,2,{T}  Sacrifice a black or artifact creature: Add to your mana pool an amount of {B} equal to the sacrificed creature's converted mana cost.,1,2
339,Soldevi Digger,2,{2}: Put the top card of your graveyard on the bottom of your library.,,
340,Soldevi Excavations,,If Soldevi Excavations would enter the battlefield  sacrifice an untapped Island instead. If you do  put Soldevi Excavations onto the battlefield. If you don't  put it into its owner's graveyard.\n{T}: Add {C}{U} to your mana pool.\n{1}  {T}: Scry 1. (Look at the top card of your library. You may put that card on the bottom of your library.),,
341,Soldevi Heretic,3,{W}  {T}: Prevent the next 2 damage that would be dealt to target creature this turn. Target opponent may draw a card.,2,2
342,Soldevi Sage,2,{T}  Sacrifice two lands: Draw three cards  then discard one of them.,1,1
343,Soldevi Sentry,1,{1}: Choose target opponent. Regenerate Soldevi Sentry. When it regenerates this way  that player may draw a card.,1,1
344,Soldevi Steam Beast,5,Whenever Soldevi Steam Beast becomes tapped  target opponent gains 2 life.\n{2}: Regenerate Soldevi Steam Beast.,4,2
345,Soldier of Fortune,1,{R}  {T}: Target player shuffles his or her library.,1,1
346,Spiny Starfish,3,{U}: Regenerate Spiny Starfish.\nAt the beginning of each end step  if Spiny Starfish regenerated this turn  put a 0/1 blue Starfish creature token onto the battlefield for each time it regenerated this turn.,0,1
347,Splintering Wind,4,"{2}{G}: Splintering Wind deals 1 damage to target creature. Put a 1/1 green Splinter creature token onto the battlefield. It has flying and ""Cumulative upkeep {G}."" When it leaves the battlefield  it deals 1 damage to you and each creature you control. (At the beginning of its controller's upkeep  that player puts an age counter on it  then sacrifices it unless he or she pays its upkeep cost for each age counter on it.)",,
348,Stench of Decay,3,Nonartifact creatures get -1/-1 until end of turn.,,
349,Storm Cauldron,5,Each player may play an additional land during each of his or her turns.\nWhenever a land is tapped for mana  return it to its owner's hand.,,
350,Storm Crow,2,Flying (This creature can't be blocked except by creatures with flying or reach.),1,2
351,Storm Elemental,6,Flying\n{U}  Exile the top card of your library: Tap target creature with flying.\n{U}  Exile the top card of your library: If the exiled card is a snow land  Storm Elemental gets +1/+1 until end of turn.,3,4
352,Storm Shaman,3,{R}: Storm Shaman gets +1/+0 until end of turn.,0,4
353,Stromgald Spy,4,Whenever Stromgald Spy attacks and isn't blocked  you may have defending player play with his or her hand revealed for as long as Stromgald Spy remains on the battlefield. If you do  Stromgald Spy assigns no combat damage this turn.,2,4
354,Suffocation,2,Cast Suffocation only if you were dealt damage this turn by a red instant or sorcery spell.\nSuffocation deals 4 damage to the controller of the last red instant or sorcery spell that dealt damage to you this turn.\nDraw a card at the beginning of the next turn's upkeep.,,
355,Surge of Strength,2,As an additional cost to cast Surge of Strength  discard a red or green card.\nTarget creature gains trample and gets +X/+0 until end of turn  where X is that creature's converted mana cost.,,
356,Sustaining Spirit,2,Cumulative upkeep {1}{W} (At the beginning of your upkeep  put an age counter on this permanent  then sacrifice it unless you pay its upkeep cost for each age counter on it.)\nDamage that would reduce your life total to less than 1 reduces it to 1 instead.,0,3
357,Swamp Mosquito,2,Flying\nWhenever Swamp Mosquito attacks and isn't blocked  defending player gets a poison counter. (A player with ten or more poison counters loses the game.),0,1
358,Sworn Defender,4,{1}: Sworn Defender's power becomes the toughness of target creature blocking or being blocked by Sworn Defender minus 1 until end of turn  and Sworn Defender's toughness becomes 1 plus the power of that creature until end of turn.,1,3
359,Taste of Paradise,4,As an additional cost to cast Taste of Paradise  you may pay {1}{G} any number of times.\nYou gain 3 life plus an additional 3 life for each additional {1}{G} you paid.,,
360,Thawing Glaciers,,Thawing Glaciers enters the battlefield tapped.\n{1}  {T}: Search your library for a basic land card  put that card onto the battlefield tapped  then shuffle your library. Return Thawing Glaciers to its owner's hand at the beginning of the next cleanup step.,,
361,Thought Lash,4,Cumulative upkeep—Exile the top card of your library. (At the beginning of your upkeep  put an age counter on this permanent  then sacrifice it unless you pay its upkeep cost for each age counter on it.)\nWhen a player doesn't pay Thought Lash's cumulative upkeep  that player exiles all cards from his or her library.\nExile the top card of your library: Prevent the next 1 damage that would be dealt to you this turn.,,
362,Tidal Control,3,Cumulative upkeep {2} (At the beginning of your upkeep  put an age counter on this permanent  then sacrifice it unless you pay its upkeep cost for each age counter on it.)\nPay 2 life or {2}: Counter target red or green spell. Any player may activate this ability.,,
363,Tornado,5,Cumulative upkeep {G} (At the beginning of your upkeep  put an age counter on this permanent  then sacrifice it unless you pay its upkeep cost for each age counter on it.)\n{2}{G}  Pay 3 life for each velocity counter on Tornado: Destroy target permanent and put a velocity counter on Tornado. Activate this ability only once each turn.,,
364,Undergrowth,1,As an additional cost to cast Undergrowth  you may pay {2}{R}.\nPrevent all combat damage that would be dealt this turn. If its additional cost was paid  Undergrowth doesn't affect combat damage that would be dealt by red creatures.,,
365,Unlikely Alliance,2,{1}{W}: Target nonattacking  nonblocking creature gets +0/+2 until end of turn.,,
366,Urza's Engine,5,Trample\n{3}: Urza's Engine gains banding until end of turn. (Any creatures with banding  and up to one without  can attack in a band. Bands are blocked as a group. If any creatures with banding you control are blocking or being blocked by a creature  you divide that creature's combat damage  not its controller  among any of the creatures it's being blocked by or is blocking.)\n{3}: Attacking creatures banded with Urza's Engine gain trample until end of turn.,1,5
367,Varchild's Crusader,4,{0}: Varchild's Crusader can't be blocked this turn except by Walls. Sacrifice Varchild's Crusader at the beginning of the next end step.,3,2
368,Varchild's War-Riders,2,Cumulative upkeep—Have an opponent put a 1/1 red Survivor creature token onto the battlefield. (At the beginning of your upkeep  put an age counter on this permanent  then sacrifice it unless you pay its upkeep cost for each age counter on it.)\nTrample; rampage 1 (Whenever this creature becomes blocked  it gets +1/+1 until end of turn for each creature blocking it beyond the first.),3,4
369,Veteran's Voice,1,Enchant creature you control\nTap enchanted creature: Target creature other than the creature tapped this way gets +2/+1 until end of turn. Activate this ability only if enchanted creature is untapped.,,
370,Viscerid Armor,2,Enchant creature\nEnchanted creature gets +1/+1.\n{1}{U}: Return Viscerid Armor to its owner's hand.,,
371,Viscerid Drone,2,{T}  Sacrifice a creature and a Swamp: Destroy target nonartifact creature. It can't be regenerated.\n{T}  Sacrifice a creature and a snow Swamp: Destroy target creature. It can't be regenerated.,1,2
372,Wandering Mage,3,{W}  Pay 1 life: Prevent the next 2 damage that would be dealt to target creature this turn.\n{U}: Prevent the next 1 damage that would be dealt to target Cleric or Wizard creature this turn.\n{B}  Put a -1/-1 counter on a creature you control: Prevent the next 2 damage that would be dealt to target player this turn.,0,3
373,Whip Vine,3,Defender; reach (This creature can block creatures with flying.)\nYou may choose not to untap Whip Vine during your untap step.\n{T}: Tap target creature with flying blocked by Whip Vine. That creature doesn't untap during its controller's untap step for as long as Whip Vine remains tapped.,1,4
374,Whirling Catapult,4,{2}  Exile the top two cards of your library: Whirling Catapult deals 1 damage to each creature with flying and each player.,,
375,Wild Aesthir,3,Flying  first strike\n{W}{W}: Wild Aesthir gets +2/+0 until end of turn. Activate this ability only once each turn.,1,1
376,Winter's Night,3,Whenever a player taps a snow land for mana  that player adds one mana to his or her mana pool of any type that land produced. That land doesn't untap during its controller's next untap step.,,
377,Yavimaya Ancients,5,{G}: Yavimaya Ancients gets +1/-2 until end of turn.,2,7
378,Yavimaya Ants,4,Trample  haste\nCumulative upkeep {G}{G} (At the beginning of your upkeep  put an age counter on this permanent  then sacrifice it unless you pay its upkeep cost for each age counter on it.),5,1
379,Aegis Angel,6,"Flying (This creature can't be blocked except by creatures with flying or reach.)\nWhen Aegis Angel enters the battlefield  another target permanent gains indestructible for as long as you control Aegis Angel. (Effects that say ""destroy"" don't destroy it. A creature with indestructible can't be destroyed by damage.)",5,5
380,Alabaster Mage,2,{1}{W}: Target creature you control gains lifelink until end of turn. (Damage dealt by the creature also causes its controller to gain that much life.),2,1
381,Angelic Destiny,4,Enchant creature\nEnchanted creature gets +4/+4  has flying and first strike  and is an Angel in addition to its other types.\nWhen enchanted creature dies  return Angelic Destiny to its owner's hand.,,
382,Arbalest Elite,4,{2}{W}  {T}: Arbalest Elite deals 3 damage to target attacking or blocking creature. Arbalest Elite doesn't untap during your next untap step.,2,3
383,Archon of Justice,5,Flying\nWhen Archon of Justice dies  exile target permanent.,4,4
384,Armored Warhorse,2,,2,3
385,Assault Griffin,4,Flying,3,2
386,Auramancer,3,When Auramancer enters the battlefield  you may return target enchantment card from your graveyard to your hand.,2,2
387,Benalish Veteran,3,Whenever Benalish Veteran attacks  it gets +1/+1 until end of turn.,2,2
388,Celestial Purge,2,Exile target black or red permanent.,,
389,Day of Judgment,4,Destroy all creatures.,,
390,Demystify,1,Destroy target enchantment.,,
391,Elite Vanguard,1,,2,1
392,Gideon Jura,5,+2: During target opponent's next turn  creatures that player controls attack Gideon Jura if able.\n−2: Destroy target tapped creature.\n0: Until end of turn  Gideon Jura becomes a 6/6 Human Soldier creature that's still a planeswalker. Prevent all damage that would be dealt to him this turn.,,
393,Gideon's Avenger,3,Whenever a creature an opponent controls becomes tapped  put a +1/+1 counter on Gideon's Avenger.,2,2
394,Gideon's Lawkeeper,1,{W}  {T}: Tap target creature.,1,1
395,Grand Abolisher,2,During your turn  your opponents can't cast spells or activate abilities of artifacts  creatures  or enchantments.,2,2
396,Griffin Rider,2,As long as you control a Griffin creature  Griffin Rider gets +3/+3 and has flying.,1,1
397,Griffin Sentinel,3,Flying\nVigilance (Attacking doesn't cause this creature to tap.),1,3
398,Guardians' Pledge,3,White creatures you control get +2/+2 until end of turn.,,
399,Honor of the Pure,2,White creatures you control get +1/+1.,,
400,Lifelink,1,Enchant creature\nEnchanted creature has lifelink. (Damage dealt by the creature also causes its controller to gain that much life.),,
401,Mesa Enchantress,3,Whenever you cast an enchantment spell  you may draw a card.,0,2
402,Mighty Leap,2,Target creature gets +2/+2 and gains flying until end of turn.,,
403,Peregrine Griffin,5,Flying\nFirst strike (This creature deals combat damage before creatures without first strike.),2,4
404,Personal Sanctuary,3,During your turn  prevent all damage that would be dealt to you.,,
405,Pride Guardian,1,Defender\nWhenever Pride Guardian blocks  you gain 3 life.,0,3
406,Roc Egg,3,Defender (This creature can't attack.)\nWhen Roc Egg dies  put a 3/3 white Bird creature token with flying onto the battlefield.,0,3
407,Siege Mastodon,5,,3,5
408,Spirit Mantle,2,Enchant creature\nEnchanted creature gets +1/+1 and has protection from creatures.,,
409,Stave Off,1,Target creature gains protection from the color of your choice until end of turn.,,
410,Stonehorn Dignitary,4,When Stonehorn Dignitary enters the battlefield  target opponent skips his or her next combat phase.,1,4
411,Stormfront Pegasus,2,Flying,2,1
412,Sun Titan,6,Vigilance\nWhenever Sun Titan enters the battlefield or attacks  you may return target permanent card with converted mana cost 3 or less from your graveyard to the battlefield.,6,6
413,Timely Reinforcements,3,If you have less life than an opponent  you gain 6 life. If you control fewer creatures than an opponent  put three 1/1 white Soldier creature tokens onto the battlefield.,,
414,Æther Adept,3,When Æther Adept enters the battlefield  return target creature to its owner's hand.,2,2
415,Alluring Siren,2,{T}: Target creature an opponent controls attacks you this turn if able.,1,1
416,Amphin Cutthroat,4,,2,4
417,Aven Fleetwing,4,Flying\nHexproof (This creature can't be the target of spells or abilities your opponents control.),2,2
418,Azure Mage,2,{3}{U}: Draw a card.,2,1
419,Belltower Sphinx,5,Flying\nWhenever a source deals damage to Belltower Sphinx  that source's controller puts that many cards from the top of his or her library into his or her graveyard.,2,5
420,Cancel,3,Counter target spell.,,
421,Chasm Drake,5,Flying\nWhenever Chasm Drake attacks  target creature you control gains flying until end of turn.,3,3
422,Coral Merfolk,2,,2,1
423,Djinn of Wishes,5,Flying\nDjinn of Wishes enters the battlefield with three wish counters on it.\n{2}{U}{U}  Remove a wish counter from Djinn of Wishes: Reveal the top card of your library. You may play that card without paying its mana cost. If you don't  exile it.,4,4
424,Flashfreeze,2,Counter target red or green spell.,,
425,Flight,1,Enchant creature\nEnchanted creature has flying.,,
426,Frost Breath,3,Tap up to two target creatures. Those creatures don't untap during their controller's next untap step.,,
427,Frost Titan,6,Whenever Frost Titan becomes the target of a spell or ability an opponent controls  counter that spell or ability unless its controller pays {2}.\nWhenever Frost Titan enters the battlefield or attacks  tap target permanent. It doesn't untap during its controller's next untap step.,6,6
428,Ice Cage,2,Enchant creature\nEnchanted creature can't attack or block  and its activated abilities can't be activated.\nWhen enchanted creature becomes the target of a spell or ability  destroy Ice Cage.,,
429,Jace's Archivist,3,{U}  {T}: Each player discards his or her hand  then draws cards equal to the greatest number of cards a player discarded this way.,2,2
430,Jace's Erasure,2,Whenever you draw a card  you may have target player put the top card of his or her library into his or her graveyard.,,
431,Levitation,4,Creatures you control have flying.,,
432,Lord of the Unreal,2,Illusion creatures you control get +1/+1 and have hexproof. (They can't be the targets of spells or abilities your opponents control.),2,2
433,Mana Leak,2,Counter target spell unless its controller pays {3}.,,
434,Master Thief,4,When Master Thief enters the battlefield  gain control of target artifact for as long as you control Master Thief.,2,2
435,Merfolk Looter,2,{T}: Draw a card  then discard a card.,1,1
436,Merfolk Mesmerist,2,{U}  {T}: Target player puts the top two cards of his or her library into his or her graveyard.,1,2
437,Mind Control,5,Enchant creature\nYou control enchanted creature.,,
438,Mind Unbound,6,At the beginning of your upkeep  put a lore counter on Mind Unbound  then draw a card for each lore counter on Mind Unbound.,,
439,Phantasmal Bear,1,When Phantasmal Bear becomes the target of a spell or ability  sacrifice it.,2,2
440,Phantasmal Dragon,4,Flying\nWhen Phantasmal Dragon becomes the target of a spell or ability  sacrifice it.,5,5
441,Phantasmal Image,2,"You may have Phantasmal Image enter the battlefield as a copy of any creature on the battlefield  except it's an Illusion in addition to its other types and it gains ""When this creature becomes the target of a spell or ability  sacrifice it.""",0,0
442,Ponder,1,Look at the top three cards of your library  then put them back in any order. You may shuffle your library.\nDraw a card.,,
443,Skywinder Drake,3,Flying\nSkywinder Drake can block only creatures with flying.,3,1
444,Time Reversal,5,Each player shuffles his or her hand and graveyard into his or her library  then draws seven cards. Exile Time Reversal.,,
445,Turn to Frog,2,Until end of turn  target creature loses all abilities and becomes a blue Frog with base power and toughness 1/1.,,
446,Visions of Beyond,1,Draw a card. If a graveyard has twenty or more cards in it  draw three cards instead.,,
447,Blood Seeker,2,Whenever a creature enters the battlefield under an opponent's control  you may have that player lose 1 life.,1,1
448,Bloodlord of Vaasgoth,5,Bloodthirst 3 (If an opponent was dealt damage this turn  this creature enters the battlefield with three +1/+1 counters on it.)\nFlying\nWhenever you cast a Vampire creature spell  it gains bloodthirst 3.,3,3
449,Bloodrage Vampire,3,Bloodthirst 1 (If an opponent was dealt damage this turn  this creature enters the battlefield with a +1/+1 counter on it.),3,1
450,Brink of Disaster,4,Enchant creature or land\nWhen enchanted permanent becomes tapped  destroy it.,,
451,Call to the Grave,5,At the beginning of each player's upkeep  that player sacrifices a non-Zombie creature.\nAt the beginning of the end step  if no creatures are on the battlefield  sacrifice Call to the Grave.,,
452,Cemetery Reaper,3,Other Zombie creatures you control get +1/+1.\n{2}{B}  {T}: Exile target creature card from a graveyard. Put a 2/2 black Zombie creature token onto the battlefield.,2,2
453,Child of Night,2,Lifelink (Damage dealt by this creature also causes you to gain that much life.),2,1
454,Consume Spirit,2,Spend only black mana on X.\nConsume Spirit deals X damage to target creature or player and you gain X life.,,
455,Deathmark,1,Destroy target green or white creature.,,
456,Devouring Swarm,3,Flying\nSacrifice a creature: Devouring Swarm gets +1/+1 until end of turn.,2,1
457,Diabolic Tutor,4,Search your library for a card and put that card into your hand. Then shuffle your library.,,
458,Distress,2,Target player reveals his or her hand. You choose a nonland card from it. That player discards that card.,,
459,Doom Blade,2,Destroy target nonblack creature.,,
460,Drifting Shade,4,Flying\n{B}: Drifting Shade gets +1/+1 until end of turn.,1,1
461,Duskhunter Bat,2,Bloodthirst 1 (If an opponent was dealt damage this turn  this creature enters the battlefield with a +1/+1 counter on it.)\nFlying,1,1
462,Grave Titan,6,Deathtouch\nWhenever Grave Titan enters the battlefield or attacks  put two 2/2 black Zombie creature tokens onto the battlefield.,6,6
463,Gravedigger,4,When Gravedigger enters the battlefield  you may return target creature card from your graveyard to your hand.,2,2
464,Hideous Visage,3,Creatures you control gain intimidate until end of turn. (Each of those creatures can't be blocked except by artifact creatures and/or creatures that share a color with it.),,
465,Monomania,5,Target player chooses a card in his or her hand and discards the rest.,,
466,Onyx Mage,2,{1}{B}: Target creature you control gains deathtouch until end of turn. (Any amount of damage it deals to a creature is enough to destroy it.),2,1
467,Reassembling Skeleton,2,{1}{B}: Return Reassembling Skeleton from your graveyard to the battlefield tapped.,1,1
468,Royal Assassin,3,{T}: Destroy target tapped creature.,1,1
469,Rune-Scarred Demon,7,Flying\nWhen Rune-Scarred Demon enters the battlefield  search your library for a card  put it into your hand  then shuffle your library.,6,6
470,Sengir Vampire,5,Flying (This creature can't be blocked except by creatures with flying or reach.)\nWhenever a creature dealt damage by Sengir Vampire this turn dies  put a +1/+1 counter on Sengir Vampire.,4,4
471,Smallpox,2,Each player loses 1 life  discards a card  sacrifices a creature  then sacrifices a land.,,
472,Sorin Markov,6,+2: Sorin Markov deals 2 damage to target creature or player and you gain 2 life.\n−3: Target opponent's life total becomes 10.\n−7: You control target player during that player's next turn.,,
473,Sorin's Thirst,2,Sorin's Thirst deals 2 damage to target creature and you gain 2 life.,,
474,Sorin's Vengeance,7,Sorin's Vengeance deals 10 damage to target player and you gain 10 life.,,
475,Sutured Ghoul,7,Trample\nAs Sutured Ghoul enters the battlefield  exile any number of creature cards from your graveyard.\nSutured Ghoul's power is equal to the total power of the exiled cards and its toughness is equal to their total toughness.,*,*
476,Taste of Blood,1,Taste of Blood deals 1 damage to target player and you gain 1 life.,,
477,Vampire Outcasts,4,Bloodthirst 2 (If an opponent was dealt damage this turn  this creature enters the battlefield with two +1/+1 counters on it.)\nLifelink (Damage dealt by this creature also causes you to gain that much life.),2,2
478,Vengeful Pharaoh,5,Deathtouch (Any amount of damage this deals to a creature is enough to destroy it.)\nWhenever combat damage is dealt to you or a planeswalker you control  if Vengeful Pharaoh is in your graveyard  destroy target attacking creature  then put Vengeful Pharaoh on top of your library.,5,4
479,Warpath Ghoul,3,,3,2
480,Wring Flesh,1,Target creature gets -3/-1 until end of turn.,,
481,Zombie Infestation,2,Discard two cards: Put a 2/2 black Zombie creature token onto the battlefield.,,
482,Act of Treason,3,Gain control of target creature until end of turn. Untap that creature. It gains haste until end of turn. (It can attack and {T} this turn.),,
483,Blood Ogre,3,Bloodthirst 1 (If an opponent was dealt damage this turn  this creature enters the battlefield with a +1/+1 counter on it.)\nFirst strike (This creature deals combat damage before creatures without first strike.),2,2
484,Bonebreaker Giant,5,,4,4
485,Chandra's Outrage,4,Chandra's Outrage deals 4 damage to target creature and 2 damage to that creature's controller.,,
486,Chandra's Phoenix,3,Flying\nHaste (This creature can attack and {T} as soon as it comes under your control.)\nWhenever an opponent is dealt damage by a red instant or sorcery spell you control or by a red planeswalker you control  return Chandra's Phoenix from your graveyard to your hand.,2,2
487,Circle of Flame,2,Whenever a creature without flying attacks you or a planeswalker you control  Circle of Flame deals 1 damage to that creature.,,
488,Combust,2,Combust can't be countered by spells or abilities.\nCombust deals 5 damage to target white or blue creature. The damage can't be prevented.,,
489,Crimson Mage,2,{R}: Target creature you control gains haste until end of turn. (It can attack and {T} this turn.),2,1
490,Fiery Hellhound,3,{R}: Fiery Hellhound gets +1/+0 until end of turn.,2,2
491,Fireball,1,Fireball deals X damage divided evenly  rounded down  among any number of target creatures and/or players.\nFireball costs {1} more to cast for each target beyond the first.,,
492,Firebreathing,1,Enchant creature\n{R}: Enchanted creature gets +1/+0 until end of turn.,,
493,Flameblast Dragon,6,Flying\nWhenever Flameblast Dragon attacks  you may pay {X}{R}. If you do  Flameblast Dragon deals X damage to target creature or player.,5,5
494,Fling,2,As an additional cost to cast Fling  sacrifice a creature.\nFling deals damage equal to the sacrificed creature's power to target creature or player.,,
495,Furyborn Hellkite,7,Bloodthirst 6 (If an opponent was dealt damage this turn  this creature enters the battlefield with six +1/+1 counters on it.)\nFlying,6,6
496,Goblin Bangchuckers,4,{T}: Flip a coin. If you win the flip  Goblin Bangchuckers deals 2 damage to target creature or player. If you lose the flip  Goblin Bangchuckers deals 2 damage to itself.,2,2
497,Goblin Chieftain,3,Haste (This creature can attack and {T} as soon as it comes under your control.)\nOther Goblin creatures you control get +1/+1 and have haste.,2,2
498,Goblin Fireslinger,1,{T}: Goblin Fireslinger deals 1 damage to target player.,1,1
499,Goblin Grenade,1,As an additional cost to cast Goblin Grenade  sacrifice a Goblin.\nGoblin Grenade deals 5 damage to target creature or player.,,
500,Goblin Piker,2,,2,1
501,Goblin Tunneler,2,{T}: Target creature with power 2 or less can't be blocked this turn.,1,1
502,Goblin War Paint,2,Enchant creature\nEnchanted creature gets +2/+2 and has haste.,,
503,Gorehorn Minotaurs,4,Bloodthirst 2 (If an opponent was dealt damage this turn  this creature enters the battlefield with two +1/+1 counters on it.),3,3
504,Grim Lavamancer,1,{R}  {T}  Exile two cards from your graveyard: Grim Lavamancer deals 2 damage to target creature or player.,1,1
505,Incinerate,2,Incinerate deals 3 damage to target creature or player. A creature dealt damage this way can't be regenerated this turn.,,
506,Inferno Titan,6,{R}: Inferno Titan gets +1/+0 until end of turn.\nWhenever Inferno Titan enters the battlefield or attacks  it deals 3 damage divided as you choose among one  two  or three target creatures and/or players.,6,6
507,Lava Axe,5,Lava Axe deals 5 damage to target player.,,
508,Lightning Elemental,4,Haste (This creature can attack and {T} as soon as it comes under your control.),4,1
509,Manabarbs,4,Whenever a player taps a land for mana  Manabarbs deals 1 damage to that player.,,
510,Manic Vandal,3,When Manic Vandal enters the battlefield  destroy target artifact.,2,2
511,Scrambleverse,8,For each nonland permanent  choose a player at random. Then each player gains control of each permanent for which he or she was chosen. Untap those permanents.,,
512,Shock,1,Shock deals 2 damage to target creature or player.,,
513,Slaughter Cry,3,Target creature gets +3/+0 and gains first strike until end of turn. (It deals combat damage before creatures without first strike.),,
514,Stormblood Berserker,2,Bloodthirst 2 (If an opponent was dealt damage this turn  this creature enters the battlefield with two +1/+1 counters on it.)\nMenace (This creature can't be blocked except by two or more creatures.),1,1
515,Tectonic Rift,4,Destroy target land. Creatures without flying can't block this turn.,,
516,Volcanic Dragon,6,Flying\nHaste (This creature can attack and {T} as soon as it comes under your control.),4,4
517,Wall of Torches,2,Defender (This creature can't attack.),4,1
518,Warstorm Surge,6,Whenever a creature enters the battlefield under your control  it deals damage equal to its power to target creature or player.,,
519,Arachnus Spinner,6,Reach (This creature can block creatures with flying.)\nTap an untapped Spider you control: Search your graveyard and/or library for a card named Arachnus Web and put it onto the battlefield attached to target creature. If you search your library this way  shuffle it.,5,7
520,Arachnus Web,3,Enchant creature\nEnchanted creature can't attack or block  and its activated abilities can't be activated.\nAt the beginning of the end step  if enchanted creature's power is 4 or greater  destroy Arachnus Web.,,
521,Autumn's Veil,1,Spells you control can't be countered by blue or black spells this turn  and creatures you control can't be the targets of blue or black spells this turn.,,
522,Birds of Paradise,1,Flying\n{T}: Add one mana of any color to your mana pool.,0,1
523,Brindle Boar,3,Sacrifice Brindle Boar: You gain 4 life.,2,2
524,Carnage Wurm,7,Bloodthirst 3 (If an opponent was dealt damage this turn  this creature enters the battlefield with three +1/+1 counters on it.)\nTrample (This creature can deal excess combat damage to defending player or planeswalker while attacking.),6,6
525,Cudgel Troll,4,{G}: Regenerate Cudgel Troll. (The next time this creature would be destroyed this turn  it isn't. Instead tap it  remove all damage from it  and remove it from combat.),4,3
526,Doubling Chant,6,For each creature you control  you may search your library for a creature card with the same name as that creature. Put those cards onto the battlefield  then shuffle your library.,,
527,Dungrove Elder,3,Hexproof (This creature can't be the target of spells or abilities your opponents control.)\nDungrove Elder's power and toughness are each equal to the number of Forests you control.,*,*
528,Garruk's Companion,2,Trample (This creature can deal excess combat damage to defending player or planeswalker while attacking.),3,2
529,Garruk's Horde,7,Trample\nPlay with the top card of your library revealed.\nYou may cast the top card of your library if it's a creature card. (Do this only any time you could cast that creature card. You still pay the spell's costs.),7,7
530,Giant Spider,4,Reach (This creature can block creatures with flying.),2,4
531,Gladecover Scout,1,Hexproof (This creature can't be the target of spells or abilities your opponents control.),1,1
532,Greater Basilisk,5,Deathtouch (Any amount of damage this deals to a creature is enough to destroy it.),3,5
533,Hunter's Insight,3,Choose target creature you control. Whenever that creature deals combat damage to a player or planeswalker this turn  draw that many cards.,,
534,Jade Mage,2,{2}{G}: Put a 1/1 green Saproling creature token onto the battlefield.,2,1
535,Llanowar Elves,1,{T}: Add {G} to your mana pool.,1,1
536,Lure,3,Enchant creature\nAll creatures able to block enchanted creature do so.,,
537,Lurking Crocodile,3,Bloodthirst 1 (If an opponent was dealt damage this turn  this creature enters the battlefield with a +1/+1 counter on it.)\nIslandwalk (This creature can't be blocked as long as defending player controls an Island.),2,2
538,Overrun,5,Creatures you control get +3/+3 and gain trample until end of turn.,,
539,Primeval Titan,6,Trample\nWhenever Primeval Titan enters the battlefield or attacks  you may search your library for up to two land cards  put them onto the battlefield tapped  then shuffle your library.,6,6
540,Rampant Growth,2,Search your library for a basic land card and put that card onto the battlefield tapped. Then shuffle your library.,,
541,Reclaim,1,Put target card from your graveyard on top of your library.,,
542,Rites of Flourishing,3,At the beginning of each player's draw step  that player draws an additional card.\nEach player may play an additional land on each of his or her turns.,,
543,Runeclaw Bear,2,,2,2
544,Sacred Wolf,3,Hexproof (This creature can't be the target of spells or abilities your opponents control.),3,1
545,Skinshifter,2,{G}: Choose one —\n• Until end of turn  Skinshifter becomes a Rhino with base power and toughness 4/4 and gains trample. Activate this ability only once each turn.\n• Until end of turn  Skinshifter becomes a Bird with base power and toughness 2/2 and gains flying. Activate this ability only once each turn.\n• Until end of turn  Skinshifter becomes a Plant with base power and toughness 0/8. Activate this ability only once each turn.,1,1
546,Stampeding Rhino,5,Trample (This creature can deal excess combat damage to defending player or planeswalker while attacking.),4,4
547,Stingerfling Spider,5,Reach\nWhen Stingerfling Spider enters the battlefield  you may destroy target creature with flying.,2,5
548,Trollhide,3,"Enchant creature\nEnchanted creature gets +2/+2 and has ""{1}{G}: Regenerate this creature."" (The next time the creature would be destroyed this turn  it isn't. Instead tap it  remove all damage from it  and remove it from combat.)",,
549,Adaptive Automaton,3,As Adaptive Automaton enters the battlefield  choose a creature type.\nAdaptive Automaton is the chosen type in addition to its other types.\nOther creatures you control of the chosen type get +1/+1.,2,2
550,Angel's Feather,2,Whenever a player casts a white spell  you may gain 1 life.,,
551,Crown of Empires,2,{3}  {T}: Tap target creature. Gain control of that creature instead if you control artifacts named Scepter of Empires and Throne of Empires.,,
552,Crumbling Colossus,5,Trample (This creature can deal excess combat damage to defending player or planeswalker while attacking.)\nWhen Crumbling Colossus attacks  sacrifice it at end of combat.,7,4
553,Demon's Horn,2,Whenever a player casts a black spell  you may gain 1 life.,,
554,Dragon's Claw,2,Whenever a player casts a red spell  you may gain 1 life.,,
555,Druidic Satchel,3,{2}  {T}: Reveal the top card of your library. If it's a creature card  put a 1/1 green Saproling creature token onto the battlefield. If it's a land card  put that card onto the battlefield under your control. If it's a noncreature  nonland card  you gain 2 life.,,
556,Greatsword,3,Equipped creature gets +3/+0.\nEquip {3} ({3}: Attach to target creature you control. Equip only as a sorcery.),,
557,Kite Shield,,Equipped creature gets +0/+3.\nEquip {3} ({3}: Attach to target creature you control. Equip only as a sorcery.),,
558,Kraken's Eye,2,Whenever a player casts a blue spell  you may gain 1 life.,,
559,Manalith,3,{T}: Add one mana of any color to your mana pool.,,
560,Pentavus,7,Pentavus enters the battlefield with five +1/+1 counters on it.\n{1}  Remove a +1/+1 counter from Pentavus: Put a 1/1 colorless Pentavite artifact creature token with flying onto the battlefield.\n{1}  Sacrifice a Pentavite: Put a +1/+1 counter on Pentavus.,0,0
561,Quicksilver Amulet,4,{4}  {T}: You may put a creature card from your hand onto the battlefield.,,
562,Rusted Sentinel,4,Rusted Sentinel enters the battlefield tapped.,3,4
563,Scepter of Empires,3,{T}: Scepter of Empires deals 1 damage to target player. It deals 3 damage to that player instead if you control artifacts named Crown of Empires and Throne of Empires.,,
564,Solemn Simulacrum,4,When Solemn Simulacrum enters the battlefield  you may search your library for a basic land card  put that card onto the battlefield tapped  then shuffle your library.\nWhen Solemn Simulacrum dies  you may draw a card.,2,2
565,Sundial of the Infinite,2,"{1}  {T}: End the turn. Activate this ability only during your turn. (Exile all spells and abilities on the stack. Discard down to your maximum hand size. Damage wears off  and ""this turn"" and ""until end of turn"" effects end.)",,
566,Swiftfoot Boots,2,Equipped creature has hexproof and haste.\nEquip {1},,
567,Thran Golem,5,As long as Thran Golem is enchanted  it gets +2/+2 and has flying  first strike  and trample.,3,3
568,Throne of Empires,4,{1}  {T}: Put a 1/1 white Soldier creature token onto the battlefield. Put five of those tokens onto the battlefield instead if you control artifacts named Crown of Empires and Scepter of Empires.,,
569,Worldslayer,5,Whenever equipped creature deals combat damage to a player  destroy all permanents other than Worldslayer.\nEquip {5} ({5}: Attach to target creature you control. Equip only as a sorcery.),,
570,Wurm's Tooth,2,Whenever a player casts a green spell  you may gain 1 life.,,
571,Buried Ruin,,{T}: Add {C} to your mana pool.\n{2}  {T}  Sacrifice Buried Ruin: Return target artifact card from your graveyard to your hand.,,
